Parent Therapy,Therapy,Image
,Energy Healing,THRIIVE MODALITIES ENERGY HEALING CATEGORY SYMBOL.png
Energy Healing,Reiki,
Energy Healing,Pranic Healing,
Energy Healing,Theta Healing,
Energy Healing,Crystal Healing,
Energy Healing,Access bars,
Energy Healing,Sujok Therapy,
Energy Healing,Shaktipath,
Energy Healing,Kundalini Activation,
Energy Healing,DNA Activation,
Energy Healing,Holographic Healing,
Energy Healing,Applied kinesiology,
Energy Healing,Vastu Shastra,
Energy Healing,Feng shui,
Energy Healing,Prana Violet Healing,
Energy Healing,Psychic Surgery,
Energy Healing,Magnified Healing Phase,
Energy Healing,Preeti Siddhi,
Energy Healing,Polarity Therapy,
,Yoga ,THRIIVE MODALITIES_YOGA CATEGORY SYMBOL.png
Yoga ,Hatha Yoga,
Yoga ,Vinyasa Yoga,
Yoga ,Ashtanga Yoga,
Yoga ,Iyengar Yoga ,
Yoga ,Kundalini Yoga,
Yoga ,Mudras,
Yoga ,Tibetan Yoga,
Yoga ,Kriya yoga,
,Readings & Rituals,THRIIVE MODALITIES_READINGS N RITUALS-CATEGORY SYMBOL.png
Readings & Rituals,Angel Reading,
Readings & Rituals,Tarot Card Reading,
Readings & Rituals,Runes,
Readings & Rituals,Numerology,
Readings & Rituals,Cosmic Astrology,
Readings & Rituals,Aura Reading,
Readings & Rituals,Dream Analysis,
Readings & Rituals,Grapho Therapy,
Readings & Rituals,Enneagram of personality,
Readings & Rituals,Channeling,
Readings & Rituals,Shamanism,
Readings & Rituals,Shamanic ceremonies,
Readings & Rituals,Candle Magick,
Readings & Rituals,Dowsing,
Readings & Rituals,Nadi Shastra,
Readings & Rituals,Animal Communication,
Readings & Rituals,Cartomancy,
Readings & Rituals,Akashic Records,
,Art Therapy ,THRIIVE MODALITIES ART THERAPY CATEGORY SYMBOL.png
Art Therapy ,Mandala,
Art Therapy ,Dance Therapy,
Art Therapy ,Sufi Whirling,
Art Therapy ,Interplay,
Art Therapy ,Playback Theatre,
Art Therapy ,Mind mapping,
Art Therapy ,Sacred Geometry,
Art Therapy ,Auto writing,
,Hypnotherapy,THRIIVE MODALITIES HYPNOTHERAPY CATEGORY SYMBOLS.png
Hypnotherapy,Past life Regression,
Hypnotherapy,Hypnobirthing,
Hypnotherapy,Hypnotherapy,
Hypnotherapy,Subliminal therapy,
Hypnotherapy,Life Between Lives,
,Sound Healing,THRIIVE MODALITIES SOUND HEALING CATEGORY SYMBOL.png
Sound Healing,Tibetan Bowl,
Sound Healing,Crystal Bowl,
Sound Healing,Voice movement therapy,
Sound Healing,Didgerido,
,Natural Remedies,THRIIVE MODALITIESNATURAL REMEDIES-08.png
Natural Remedies,Naturopathy,
Natural Remedies,Ayurveda,
Natural Remedies,Homeopathy,
Natural Remedies,Bach Flower Remedies,
Natural Remedies,Tridosha Therapy,
Natural Remedies,Panchkarma,
Natural Remedies,Chinese/ Tibetan Medicine,
,Alternative Therapies,THRIIVE MODALITIES_ALTERNATIVE THERAPIES CATEGORY SYMBOL.png
Alternative Therapies,Acupressure,
Alternative Therapies,Acupuncture,
Alternative Therapies,Aroma Therapy,
Alternative Therapies,Salt Therapy,
Alternative Therapies,Colour Therapy,
Alternative Therapies,Gem Therapy,
Alternative Therapies,Nambudripad's Allergy Elimination Technique,
Alternative Therapies,Nadi Therapy,
Alternative Therapies,Biogenealogy,
,Body work,THRIIVE MODALITIES_BODY WORK CATEGORY SYMBOL.png
Body work,Reflexology,
Body work,Cranio Sacral Therapy,
Body work,Bowen Therapy,
Body work,EFT,
Body work,Taichi,
Body work,Rubenfeld Synergy,
Body work,Rolfing,
Body work,Somatic Experience,
Body work,Physiotherapy,
,Massage,THRIIVE MODALITIES_MASSAGE CATEGORY SYMBOL.png
Massage,Shiatsu,
Massage,Massage Therapy,
Massage,Thai Massage,
Massage,Lomi Lomi,
Massage,Chi Nei Tsang,
,Meditation,THRIIVE MODALITIES_MEDITATION-CATEGORY SYMBOL.png
Meditation,Ana Pana Sati Meditation,
Meditation,Mindfulness,
Meditation,Osho Dynamic Meditation,
Meditation,Meditation,
Meditation,Transcendental meditation,
Meditation,Vipassyana Meditation,
Meditation,Zen Buddhism,
Meditation,Progressive relaxation technique,
,Chanting,THRIIVE MODALITIES_CHANTINGS CATEGORY SYMBOL.png
Chanting,Nichren Buddhism,
Chanting,Angelic Chanting,
,Quantum Energy Healing & Medicine,
Quantum Energy Healing & Medicine,Human Energetic Assessment Devices,
Human Energetic Assessment Devices,ALFA HRV Analyzer ,
Human Energetic Assessment Devices,ES Complex ,
Human Energetic Assessment Devices,BIOFIELD READER,
Human Energetic Assessment Devices,Resonant Field Imaging (RFI),
Human Energetic Assessment Devices,Quantum Resonance Magnetic Health Analyzer,
Human Energetic Assessment Devices,Kirlian Photography,
Quantum Energy Healing & Medicine,Detoxification & Energizing Devices,
Detoxification & Energizing Devices,ELECTRO REFLEX ENERGIZER,
Detoxification & Energizing Devices,Foot De-tox,
Detoxification & Energizing Devices,FA Infra Sauna,
Detoxification & Energizing Devices,I - float,
Detoxification & Energizing Devices,Bio Tuner,
Detoxification & Energizing Devices,Silver Pulser,
Quantum Energy Healing & Medicine,Pain Management,
Pain Management,SCENAR-Cosmodic Ex735Ag,
Pain Management,Q LASER Q1000NG,
Pain Management,Magnetic Pulsar,
Quantum Energy Healing & Medicine,Stress Reduction,
Stress Reduction,NeuroSky MindWave & Mind Workstation,
Stress Reduction,Heartmath emWave Pro,
Stress Reduction,Braintap-Mind Machine,
Stress Reduction,EMOTIV Epoc+,
Stress Reduction,Mindfold Relaxation Mask,
Quantum Energy Healing & Medicine,Energetic Analysis and Corrections,
Energetic Analysis and Corrections,SE -5  1000 Scalar Energy,
Energetic Analysis and Corrections,Acmos ,
Energetic Analysis and Corrections,Time Waver,
Quantum Energy Healing & Medicine,Testing Equipment for aiding research activity,
Testing Equipment for aiding research activity,Air Ion Counter,
Testing Equipment for aiding research activity,Trifield Natural EM Meter,
Testing Equipment for aiding research activity,COM-100: Water testing Meter,
,Breathwork,THRIIVE MODALITIES_BREATHWORK CATEGORY SYMBOL.png
Breathwork,Rebirthing,
Breathwork,Pranayama,
Breathwork,Sudarshan Kriya,
,Behavioural Therapy,THRIIVE MODALITIES_BEHAVIORAL THERAPY CATEGORY SYMBOL.png
Behavioural Therapy,Cognitive Behavioural Therapy,
Behavioural Therapy,Rational Emotive Behavioural Therapy,
,Self-Healing,THRIIVE MODALITIES_SELF HELP CATEGORY SYMBOL.png
Self-Healing,NLP,
Self-Healing,Reconnective Healing,
Self-Healing,Switch words,
Self-Healing, Heal your life Program by Louise Hay,
Self-Healing, Gestalt Therapy,
Self-Healing, Inner Child Healing,
Self-Healing,Transactional Analysis,
Self-Healing,Family Constellation,
Self-Healing,Non-violent communication ,
Self-Healing,Creative Visualization,
Self-Healing,Dolphin Healing Network,
Self-Healing,Affirmation & Visualization Therapy,
Self-Healing,Sedona Method,
Self-Healing,Ho'oponopono,
,Counseling & Consulting,THRIIVE MODALITIES_COUNSELING AND CONSULTING CATEGORY SYMBOL.png
Counseling & Consulting,Childrenâ€™s Counselor,
Counseling & Consulting,Conscious Parenting Counselor,
Counseling & Consulting,Sex Therapist,
Counseling & Consulting,Marriage counselor,
Counseling & Consulting,Spiritual Counselor,
Counseling & Consulting,Nutritionist,
Counseling & Consulting,Life Coach,